-- phpMyAdmin SQL Dump
-- version 5.2.1
-- https://www.phpmyadmin.net/
--
-- Host: 127.0.0.1:3306
-- Generation Time: Feb 23, 2025 at 10:45 PM
-- Server version: 8.3.0
-- PHP Version: 8.2.18

SET SQL_MODE = "NO_AUTO_VALUE_ON_ZERO";
START TRANSACTION;
SET time_zone = "+00:00";


/*!40101 SET @OLD_CHARACTER_SET_CLIENT=@@CHARACTER_SET_CLIENT */;
/*!40101 SET @OLD_CHARACTER_SET_RESULTS=@@CHARACTER_SET_RESULTS */;
/*!40101 SET @OLD_COLLATION_CONNECTION=@@COLLATION_CONNECTION */;
/*!40101 SET NAMES utf8mb4 */;

--
-- Database: `facu_link`
--

-- --------------------------------------------------------

--
-- Table structure for table `calification`
--

DROP TABLE IF EXISTS `calification`;
CREATE TABLE IF NOT EXISTS `calification` (
  `id_user` int NOT NULL,
  `id_transport` int NOT NULL,
  `calification` int NOT NULL,
  KEY `user_calification_fx` (`id_user`),
  KEY `transport_calification_fx` (`id_transport`)
) ENGINE=InnoDB DEFAULT CHARSET=utf8mb3;

-- --------------------------------------------------------

--
-- Table structure for table `cat_degree`
--

DROP TABLE IF EXISTS `cat_degree`;
CREATE TABLE IF NOT EXISTS `cat_degree` (
  `id` int NOT NULL AUTO_INCREMENT,
  `id_faculty` int NOT NULL,
  `name` varchar(30) NOT NULL,
  `is_active` int NOT NULL,
  PRIMARY KEY (`id`),
  UNIQUE KEY `id_UNIQUE` (`id`),
  KEY `id_faculty_fk` (`id_faculty`)
) ENGINE=InnoDB AUTO_INCREMENT=108 DEFAULT CHARSET=utf8mb3;

--
-- Dumping data for table `cat_degree`
--

INSERT INTO `cat_degree` (`id`, `id_faculty`, `name`, `is_active`) VALUES
(1, 1, 'Licenciatura en Biología', 1),
(2, 1, 'Licenciatura en Ciencias Ambie', 1),
(3, 1, 'Licenciatura en Medicina Veter', 1),
(4, 1, 'Licenciatura en Naturopatía', 1),
(5, 1, 'Maestría en Ciencias en Gestió', 1),
(6, 1, 'Maestría en Etología Veterinar', 1),
(7, 2, 'Licenciatura en Enfermería y O', 1),
(8, 2, 'Licenciatura en Fisioterapia', 1),
(9, 2, 'Licenciatura en Médico Cirujan', 1),
(10, 2, 'Licenciatura en Nutrición', 1),
(11, 2, 'Licenciatura en Química Clínic', 1),
(12, 2, 'Especialidad en Enfermería Per', 1),
(13, 2, 'Especialidad en Salud Pública', 1),
(14, 2, 'Maestría en Ciencias de la Sal', 1),
(15, 3, 'Licenciatura en Cirujano Denti', 1),
(16, 3, 'Especialidad en Endodoncia', 1),
(17, 3, 'Maestría en Estomatología Inte', 1),
(18, 4, 'Licenciatura en Ingeniería en ', 1),
(19, 4, 'Licenciatura en Ingeniería en ', 1),
(20, 4, 'Licenciatura en Ingeniería Mec', 1),
(21, 4, 'Licenciatura en Ingeniería Quí', 1),
(22, 4, 'Licenciatura en Inteligencia A', 1),
(23, 4, 'Licenciatura en Matemáticas Ap', 1),
(24, 4, 'Licenciatura en Química Indust', 1),
(25, 4, 'Maestría en Ciencias de la Cal', 1),
(26, 4, 'Maestría en Ciencias en Ingeni', 1),
(27, 4, 'Maestría en Ciencias en Sistem', 1),
(28, 4, 'Maestría en Ingeniería de Soft', 1),
(29, 4, 'Maestría en Matemáticas', 1),
(30, 4, 'Maestría en Uso y Gestión de l', 1),
(31, 4, 'Doctorado en Ciencias en Ingen', 1),
(32, 4, 'Doctorado en Ciencias en Siste', 1),
(33, 5, 'Licenciatura en Administración', 1),
(34, 5, 'Licenciatura en Contaduría Púb', 1),
(35, 5, 'Licenciatura en Economía y Fin', 1),
(36, 5, 'Licenciatura en Negocios Inter', 1),
(37, 5, 'Licenciatura en Turismo Intern', 1),
(38, 6, 'Licenciatura en Ciencias Polít', 1),
(39, 6, 'Licenciatura en Criminología', 1),
(40, 6, 'Licenciatura en Derecho', 1),
(41, 7, 'Licenciatura en Psicología', 1),
(42, 7, 'Licenciatura en Psicoterapia', 1),
(43, 7, 'Licenciatura en Sociología', 1),
(44, 7, 'Licenciatura en Trabajo Social', 1),
(45, 7, 'Maestría en Ciencias Sociales', 1),
(46, 7, 'Maestría en Estudios de Género', 1),
(47, 7, 'Maestría en Psicología', 1),
(48, 7, 'Maestría en Trabajo Social', 1),
(49, 7, 'Doctorado en Ciencias Sociales', 1),
(50, 8, 'Licenciatura en Ciencias de la', 1),
(51, 8, 'Licenciatura en Comunicación e', 1),
(52, 8, 'Licenciatura en Educación Inic', 1),
(53, 8, 'Especialidad en Educación Inic', 1),
(54, 8, 'Maestría en Educación Inicial ', 1),
(55, 9, 'Licenciatura en Antropología', 1),
(56, 9, 'Licenciatura en Enseñanza de L', 1),
(57, 9, 'Licenciatura en Filosofía', 1),
(58, 9, 'Licenciatura en Historia', 1),
(59, 9, 'Licenciatura en Lengua y Liter', 1),
(60, 9, 'Maestría en Estudios del Discu', 1),
(61, 9, 'Maestría en Estudios Interdisc', 1),
(62, 10, 'Licenciatura en Ciencias de la', 1),
(63, 10, 'Licenciatura en Educación Espe', 1),
(64, 10, 'Licenciatura en Gerontología S', 1),
(65, 10, 'Maestría en Educación Especial', 1),
(66, 10, 'Maestría en Terapia Familiar', 1),
(67, 10, 'Doctorado en Ciencias Aplicada', 1),
(68, 11, 'Licenciatura en Arquitectura', 1),
(69, 11, 'Licenciatura en Artes Visuales', 1),
(70, 11, 'Licenciatura en Diseño Automot', 1),
(71, 11, 'Licenciatura en Diseño Gráfico', 1),
(72, 11, 'Licenciatura en Diseño Textil', 1),
(73, 11, 'Maestría en Diseño del Espacio', 1),
(74, 11, 'Maestría en Gestión de Obra Pú', 1),
(75, 12, 'Licenciatura en Administración', 1),
(76, 12, 'Licenciatura en Ciencias de la', 1),
(77, 12, 'Licenciatura en Ciencias Polít', 1),
(78, 12, 'Licenciatura en Contaduría Púb', 1),
(79, 12, 'Licenciatura en Derecho', 1),
(80, 12, 'Licenciatura en Educación Inic', 1),
(81, 12, 'Licenciatura en Enseñanza de L', 1),
(82, 12, 'Licenciatura en Ingeniería en ', 1),
(83, 12, 'Licenciatura en Nutrición', 1),
(84, 12, 'Licenciatura en Psicología', 1),
(85, 12, 'Licenciatura en Turismo Intern', 1),
(86, 12, 'Maestría en Educación', 1),
(87, 13, 'Maestría en Ciencias Biológica', 1),
(88, 13, 'Doctorado en Ciencias Biológic', 1),
(89, 14, 'Maestría en Biotecnología y Ma', 1),
(90, 15, 'Maestría en Ciencias en Sistem', 1),
(91, 15, 'Doctorado en Ciencias Ambienta', 1),
(92, 16, 'Maestría en Argumentación Jurí', 1),
(93, 16, 'Maestría en Derecho Constituci', 1),
(94, 16, 'Maestría en Derecho Fiscal', 1),
(95, 16, 'Maestría en Derecho Penal Cont', 1),
(96, 16, 'Maestría en Derechos Humanos', 1),
(97, 16, 'Maestría en Fiscalización, Tra', 1),
(98, 16, 'Maestría en Gobierno y Buena P', 1),
(99, 16, 'Doctorado en Derecho y Argumen', 1),
(100, 16, 'Doctorado en Derechos Humanos', 1),
(101, 17, 'Maestría en Administración', 1),
(102, 17, 'Maestría en Administración Tri', 1),
(103, 17, 'Doctorado en Ciencias Administ', 1),
(104, 18, 'Maestría en Análisis Regional', 1),
(105, 18, 'Doctorado en Estudios Territor', 1),
(106, 19, 'Maestría en Desarrollo Educati', 1),
(107, 19, 'Doctorado en Investigación Edu', 1);

-- --------------------------------------------------------

--
-- Table structure for table `cat_faculty`
--

DROP TABLE IF EXISTS `cat_faculty`;
CREATE TABLE IF NOT EXISTS `cat_faculty` (
  `id` int NOT NULL AUTO_INCREMENT,
  `acronym` varchar(30) NOT NULL,
  `name` varchar(30) NOT NULL,
  `longitude` varchar(30) NOT NULL,
  `latitude` varchar(30) NOT NULL,
  `is_active` int NOT NULL,
  PRIMARY KEY (`id`),
  UNIQUE KEY `id_UNIQUE` (`id`)
) ENGINE=InnoDB AUTO_INCREMENT=20 DEFAULT CHARSET=utf8mb3;

--
-- Dumping data for table `cat_faculty`
--

INSERT INTO `cat_faculty` (`id`, `acronym`, `name`, `longitude`, `latitude`, `is_active`) VALUES
(1, 'FA', 'Facultad de Agrobiología', '0', '0', 1),
(2, 'FCS', 'Facultad de Ciencias de la Sal', '0', '0', 1),
(3, 'FO', 'Facultad de Odontología', '0', '0', 1),
(4, 'FCBIyT', 'Facultad de Ciencias Básicas I', '0', '0', 1),
(5, 'FCEA', 'Facultad de Ciencias Económico', '0', '0', 1),
(6, 'FDCPC', 'Facultad de Derecho, Ciencias ', '0', '0', 1),
(7, 'FTSSyP', 'Facultad de Trabajo Social, So', '0', '0', 1),
(8, 'FCE', 'Facultad de Ciencias de la Edu', '0', '0', 1),
(9, 'FFL', 'Facultad de Filosofía y Letras', '0', '0', 1),
(10, 'FCDH', 'Facultad de Ciencias para el D', '0', '0', 1),
(11, 'FDAA', 'Facultad de Diseño, Arte y Arq', '0', '0', 1),
(12, 'UAMCC', 'Unidad Académica Multidiscipli', '0', '0', 1),
(13, 'CTBC', 'Centro Tlaxcala de Biología de', '0', '0', 1),
(14, 'CICB', 'Centro de Investigación de Cie', '0', '0', 1),
(15, 'CIGA', 'Centro de Investigación en Gen', '0', '0', 1),
(16, 'CIJP', 'Centro de Investigaciones Jurí', '0', '0', 1),
(17, 'CICA', 'Centro de Investigación en Cie', '0', '0', 1),
(18, 'CIISDR', 'Centro de Investigaciones Inte', '0', '0', 1),
(19, 'CIE', 'Centro de Investigación Educat', '0', '0', 1);

-- --------------------------------------------------------

--
-- Table structure for table `cat_line_of_transport`
--

DROP TABLE IF EXISTS `cat_line_of_transport`;
CREATE TABLE IF NOT EXISTS `cat_line_of_transport` (
  `id` int NOT NULL AUTO_INCREMENT,
  `name` varchar(30) NOT NULL,
  `complete_name` varchar(150) NOT NULL,
  `imagen` varchar(30) NOT NULL,
  PRIMARY KEY (`id`),
  UNIQUE KEY `id_UNIQUE` (`id`)
) ENGINE=InnoDB AUTO_INCREMENT=9 DEFAULT CHARSET=utf8mb3;

--
-- Dumping data for table `cat_line_of_transport`
--

INSERT INTO `cat_line_of_transport` (`id`, `name`, `complete_name`, `imagen`) VALUES
(1, 'atha', 'Autotransportes Tlaxcala, Apizaco, Huamantla', ''),
(2, 'expreso', '', ''),
(3, 'flecha azul', '', ''),
(4, 'tepetitla', '', ''),
(5, 'sit', 'servicios intermunicipales de transporte', ''),
(6, 'aust', 'autotransportes urbanos y suburbanos texcalac', ''),
(7, 'colectivo', '', ''),
(8, 'otro', '', '');

-- --------------------------------------------------------

--
-- Table structure for table `cat_municipalities`
--

DROP TABLE IF EXISTS `cat_municipalities`;
CREATE TABLE IF NOT EXISTS `cat_municipalities` (
  `id` int NOT NULL AUTO_INCREMENT,
  `name` varchar(30) NOT NULL,
  PRIMARY KEY (`id`),
  UNIQUE KEY `id_UNIQUE` (`id`)
) ENGINE=InnoDB AUTO_INCREMENT=61 DEFAULT CHARSET=utf8mb3;

--
-- Dumping data for table `cat_municipalities`
--

INSERT INTO `cat_municipalities` (`id`, `name`) VALUES
(1, 'Amaxac de Guerrero'),
(2, 'Apetatitlán de Antonio Carvaja'),
(3, 'Atlangatepec'),
(4, 'Atltzayanca'),
(5, 'Apizaco'),
(6, 'Calpulalpan'),
(7, 'El Carmen Tequexquitla'),
(8, 'Cuapiaxtla'),
(9, 'Cuaxomulco'),
(10, 'Chiautempan'),
(11, 'Muñoz de Domingo Arenas'),
(12, 'Españita'),
(13, 'Huamantla'),
(14, 'Hueyotlipan'),
(15, 'Ixtacuixtla de Mariano Matamor'),
(16, 'Ixtenco'),
(17, 'Mazatecochco de José María Mor'),
(18, 'Contla de Juan Cuamatzi'),
(19, 'Tepetitla de Lardizábal'),
(20, 'Sanctórum de Lázaro Cárdenas'),
(21, 'Nanacamilpa de Mariano Arista'),
(22, 'Acuamanala de Miguel Hidalgo'),
(23, 'Natívitas'),
(24, 'Panotla'),
(25, 'San Pablo del Monte'),
(26, 'Santa Cruz Tlaxcala'),
(27, 'Tenancingo'),
(28, 'Teolocholco'),
(29, 'Tepeyanco'),
(30, 'Terrenate'),
(31, 'Tetla de la Solidaridad'),
(32, 'Tetlatlahuca'),
(33, 'Tlaxcala'),
(34, 'Tlaxco'),
(35, 'Tocatlán'),
(36, 'Totolac'),
(37, 'Ziltlaltépec de Trinidad Sánch'),
(38, 'Tzompantepec'),
(39, 'Xaloztoc'),
(40, 'Xaltocan'),
(41, 'Papalotla de Xicohténcatl'),
(42, 'Xicohtzinco'),
(43, 'Yauhquemehcan'),
(44, 'Zacatelco'),
(45, 'Benito Juárez'),
(46, 'Emiliano Zapata'),
(47, 'Lázaro Cárdenas'),
(48, 'La Magdalena Tlaltelulco'),
(49, 'San Damián Texóloc'),
(50, 'San Francisco Tetlanohcan'),
(51, 'San Jerónimo Zacualpan'),
(52, 'San José Teacalco'),
(53, 'San Juan Huactzinco'),
(54, 'San Lorenzo Axocomanitla'),
(55, 'San Lucas Tecopilco'),
(56, 'Santa Ana Nopalucan'),
(57, 'Santa Apolonia Teacalco'),
(58, 'Santa Catarina Ayometla'),
(59, 'Santa Cruz Quilehtla'),
(60, 'Santa Isabel Xiloxoxtla');

-- --------------------------------------------------------

--
-- Table structure for table `cat_type_of_transport`
--

DROP TABLE IF EXISTS `cat_type_of_transport`;
CREATE TABLE IF NOT EXISTS `cat_type_of_transport` (
  `id` int NOT NULL AUTO_INCREMENT,
  `name` varchar(30) NOT NULL,
  `imagen` varchar(30) NOT NULL,
  PRIMARY KEY (`id`),
  UNIQUE KEY `id_UNIQUE` (`id`)
) ENGINE=InnoDB AUTO_INCREMENT=7 DEFAULT CHARSET=utf8mb3;

--
-- Dumping data for table `cat_type_of_transport`
--

INSERT INTO `cat_type_of_transport` (`id`, `name`, `imagen`) VALUES
(1, 'combi', ''),
(2, 'micro', ''),
(3, 'autobus', ''),
(4, 'colectivo', ''),
(5, 'ban', ''),
(6, 'otro', '');

-- --------------------------------------------------------

--
-- Table structure for table `commentary`
--

DROP TABLE IF EXISTS `commentary`;
CREATE TABLE IF NOT EXISTS `commentary` (
  `id` int NOT NULL AUTO_INCREMENT,
  `id_user` int NOT NULL,
  `id_transport` int NOT NULL,
  `comment` longtext NOT NULL,
  `is_banned` int DEFAULT NULL,
  PRIMARY KEY (`id`),
  UNIQUE KEY `id_UNIQUE` (`id`),
  KEY `user_commentary_fx` (`id_user`),
  KEY `transport_commentary_fx` (`id_transport`)
) ENGINE=InnoDB DEFAULT CHARSET=utf8mb3;

-- --------------------------------------------------------

--
-- Table structure for table `route_cordinates`
--

DROP TABLE IF EXISTS `route_cordinates`;
CREATE TABLE IF NOT EXISTS `route_cordinates` (
  `id` int NOT NULL AUTO_INCREMENT,
  `id_route` int NOT NULL,
  `longitude` varchar(30) NOT NULL,
  `latitude` varchar(30) NOT NULL,
  PRIMARY KEY (`id`),
  UNIQUE KEY `id_UNIQUE` (`id`),
  KEY `routes_cordinates_transport_fk` (`id_route`)
) ENGINE=InnoDB AUTO_INCREMENT=406 DEFAULT CHARSET=utf8mb3;

--
-- Dumping data for table `route_cordinates`
--

INSERT INTO `route_cordinates` (`id`, `id_route`, `longitude`, `latitude`) VALUES
(1, 4, '19.490575171536403', '-98.53916982432264'),
(2, 4, '19.492718855902066', '-98.53758613509281'),
(3, 4, '19.491852871923015', '-98.53587485995448'),
(4, 4, '19.49354004321773', '-98.53482877500349'),
(5, 4, '19.49538328183153', '-98.53370224723066'),
(6, 4, '19.49629223778178', '-98.53312874882047'),
(7, 4, '19.497508384623767', '-98.53143038750352'),
(8, 4, '19.499450652442178', '-98.52827022511678'),
(9, 4, '19.501381494769184', '-98.5246173577415'),
(10, 4, '19.504324197173382', '-98.51915512616642'),
(11, 4, '19.50681633462953', '-98.5145501614935'),
(12, 4, '19.5105613270808', '-98.5075516155538'),
(13, 4, '19.514413504958007', '-98.50050555870398'),
(14, 4, '19.517687358857973', '-98.4945601661469'),
(15, 4, '19.519234975790074', '-98.4924219901344'),
(16, 4, '19.52066353209687', '-98.49053642565814'),
(17, 4, '19.522134591760782', '-98.4887230359012'),
(18, 4, '19.524702536700307', '-98.48532180225405'),
(19, 4, '19.526386134075484', '-98.48336406302693'),
(20, 4, '19.528069713877183', '-98.48120784335536'),
(21, 4, '19.530905780494262', '-98.48292061169518'),
(22, 4, '19.536940246781317', '-98.48671210198616'),
(23, 4, '19.54200236978987', '-98.48971042193841'),
(24, 4, '19.548964032590526', '-98.49406117551943'),
(25, 4, '19.556418329892704', '-98.49865434647943'),
(26, 4, '19.562802300996236', '-98.50257130060437'),
(27, 4, '19.567959787968352', '-98.50576100263828'),
(28, 4, '19.57036415445016', '-98.50718998920769'),
(29, 4, '19.572083254426357', '-98.50796827647602'),
(30, 4, '19.572696355575978', '-98.50837655832171'),
(31, 4, '19.573069023762372', '-98.50864449328292'),
(32, 4, '19.573453712599186', '-98.50916760439772'),
(33, 4, '19.574295216228016', '-98.51136211931824'),
(34, 4, '19.575112672737326', '-98.51365870487376'),
(35, 4, '19.57940425116329', '-98.52556267273752'),
(36, 4, '19.582673948500933', '-98.53478729111158'),
(37, 4, '19.58462710025577', '-98.54037818225558'),
(38, 4, '19.586714167850108', '-98.54625008116875'),
(39, 4, '19.5884295456161', '-98.55145437400387'),
(40, 4, '19.590173804239765', '-98.55623492661216'),
(41, 4, '19.58842985559605', '-98.55681149553186'),
(42, 4, '19.58728627245674', '-98.55712253928067'),
(43, 4, '19.585892519548207', '-98.55757013879432'),
(44, 4, '19.584184262304145', '-98.55747151519822'),
(45, 4, '19.582418805857163', '-98.55713771215594'),
(46, 4, '19.581196555478023', '-98.55701632923697'),
(47, 4, '19.58117511240614', '-98.55757013880469'),
(48, 4, '19.58225441014719', '-98.55950467907549'),
(49, 4, '19.582854811076622', '-98.56077919989103'),
(50, 4, '19.58366963730397', '-98.56220544918871'),
(51, 4, '19.584627410252807', '-98.56417033527458'),
(52, 4, '19.585192064756704', '-98.5652476086803'),
(53, 4, '19.58568524238712', '-98.56590762830209'),
(54, 1, '19.58568524238712', '-98.56590762830209'),
(55, 1, '19.585192064756704', '-98.5652476086803'),
(56, 1, '19.584627410252807', '-98.56417033527458'),
(57, 1, '19.58366963730397', '-98.56220544918871'),
(58, 1, '19.582854811076622', '-98.56077919989103'),
(59, 1, '19.58225441014719', '-98.55950467907549'),
(60, 1, '19.58117511240614', '-98.55757013880469'),
(61, 1, '19.581196555478023', '-98.55701632923697'),
(62, 1, '19.582418805857163', '-98.55713771215594'),
(63, 1, '19.584184262304145', '-98.55747151519822'),
(64, 1, '19.585892519548207', '-98.55757013879432'),
(65, 1, '19.58728627245674', '-98.55712253928067'),
(66, 1, '19.58842985559605', '-98.55681149553186'),
(67, 1, '19.590173804239765', '-98.55623492661216'),
(68, 1, '19.5884295456161', '-98.55145437400387'),
(69, 1, '19.586714167850108', '-98.54625008116875'),
(70, 1, '19.58462710025577', '-98.54037818225558'),
(71, 1, '19.582673948500933', '-98.53478729111158'),
(72, 1, '19.57940425116329', '-98.52556267273752'),
(73, 1, '19.575112672737326', '-98.51365870487376'),
(74, 1, '19.574295216228016', '-98.51136211931824'),
(75, 1, '19.573453712599186', '-98.50916760439772'),
(76, 1, '19.573069023762372', '-98.50864449328292'),
(77, 1, '19.572696355575978', '-98.50837655832171'),
(78, 1, '19.572083254426357', '-98.50796827647602'),
(79, 1, '19.57036415445016', '-98.50718998920769'),
(80, 1, '19.567959787968352', '-98.50576100263828'),
(81, 1, '19.562802300996236', '-98.50257130060437'),
(82, 1, '19.556418329892704', '-98.49865434647943'),
(83, 1, '19.548964032590526', '-98.49406117551943'),
(84, 1, '19.54200236978987', '-98.48971042193841'),
(85, 1, '19.536940246781317', '-98.48671210198616'),
(86, 1, '19.530905780494262', '-98.48292061169518'),
(87, 1, '19.528069713877183', '-98.48120784335536'),
(88, 1, '19.521548524399776', '-98.47708746188395'),
(89, 1, '19.52042482798659', '-98.47643327456215'),
(90, 1, '19.518629908078125', '-98.47418021895355'),
(91, 1, '19.518382156995994', '-98.4737403366946'),
(92, 1, '19.517168676853835', '-98.47220611313232'),
(93, 1, '19.514888320808794', '-98.46934151386762'),
(94, 1, '19.514473707142642', '-98.4687192414206'),
(95, 1, '19.51402217333642', '-98.46770094127429'),
(96, 1, '19.513807653209696', '-98.46644159350937'),
(97, 1, '19.51373614643754', '-98.4656070859543'),
(98, 1, '19.513721845081626', '-98.46483326948506'),
(99, 1, '19.513435817629215', '-98.44788517888574'),
(100, 1, '19.513350009301465', '-98.44685342409039'),
(101, 1, '19.513106885458903', '-98.44620099091095'),
(102, 1, '19.51284945981536', '-98.44539682908517'),
(103, 1, '19.51183405466906', '-98.44369746824576'),
(104, 1, '19.511390706683294', '-98.44292365189885'),
(105, 1, '19.5063285143732', '-98.43456619114295'),
(106, 1, '19.506063930909527', '-98.43385169792391'),
(107, 1, '19.505799347013046', '-98.43221857056612'),
(108, 1, '19.505762705935936', '-98.43156417942497'),
(109, 1, '19.50579672216196', '-98.42405800913488'),
(110, 1, '19.505524592120857', '-98.42007035500073'),
(111, 1, '19.503517619146795', '-98.39506181575695'),
(112, 1, '19.503279502059446', '-98.39365440882756'),
(113, 1, '19.502973351003543', '-98.39314918582726'),
(114, 1, '19.50273523311506', '-98.39264396282698'),
(115, 1, '19.50225899628661', '-98.39206656511234'),
(116, 1, '19.50110241513592', '-98.39098394411246'),
(117, 1, '19.495897698362565', '-98.38564301525223'),
(118, 1, '19.489740268127182', '-98.37947207668785'),
(119, 1, '19.487528979163482', '-98.37629638925742'),
(120, 1, '19.486374179828204', '-98.37484085017051'),
(121, 1, '19.48308427785209', '-98.36995518775723'),
(122, 1, '19.478821609691014', '-98.36370396698771'),
(123, 1, '19.474501610163472', '-98.35742240092529'),
(124, 1, '19.47198394127801', '-98.35368987544429'),
(125, 1, '19.4698095595334', '-98.35062495678751'),
(126, 1, '19.46955206502645', '-98.34925939897012'),
(127, 1, '19.46909429600396', '-98.34570894864495'),
(128, 1, '19.469065685397133', '-98.34431304509829'),
(129, 1, '19.46909429600396', '-98.34403993353482'),
(130, 1, '19.469265959538912', '-98.3426136842589'),
(131, 1, '19.470124274506986', '-98.33860804757975'),
(132, 1, '19.470060825233467', '-98.33672661236469'),
(133, 1, '19.469907718370283', '-98.3359146468285'),
(134, 1, '19.468921026183565', '-98.33481398221383'),
(135, 1, '19.46781524336758', '-98.33353288103451'),
(136, 1, '19.467594085899112', '-98.33295548331989'),
(137, 1, '19.46745798884546', '-98.33263069710543'),
(138, 1, '19.467287867367702', '-98.33163829478342'),
(139, 1, '19.467270855210103', '-98.33093459131872'),
(140, 1, '19.46749201312062', '-98.33021284383541'),
(141, 1, '19.47101348690424', '-98.32064969381746'),
(142, 1, '19.472000166361767', '-98.3176363991866'),
(143, 1, '19.472138215438004', '-98.31661961514104'),
(144, 1, '19.472150244488923', '-98.31591788072949'),
(145, 1, '19.472078070170017', '-98.31489717613086'),
(146, 1, '19.472246476864125', '-98.31445061786896'),
(147, 1, '19.47247502852618', '-98.31386371272475'),
(148, 1, '19.473016333828006', '-98.31342991312026'),
(149, 1, '19.474098938967582', '-98.31303439008828'),
(150, 1, '19.474580094485606', '-98.3128047315536'),
(151, 1, '19.475061248574796', '-98.31243472613659'),
(152, 1, '19.475518343642136', '-98.31186057977274'),
(153, 1, '19.47580703459532', '-98.310916428019'),
(154, 1, '19.47604760999669', '-98.310176417185'),
(155, 1, '19.476083696292456', '-98.31003607015955'),
(156, 1, '19.476468616105873', '-98.30883674225616'),
(157, 1, '19.47682947760036', '-98.30839018399428'),
(158, 1, '19.47728656767282', '-98.30784155527252'),
(159, 1, '19.47840523007335', '-98.30683360924027'),
(160, 1, '19.480281678634213', '-98.30516220546002'),
(161, 1, '19.481340178556557', '-98.30382253048255'),
(162, 1, '19.48225433195517', '-98.30273803184652'),
(163, 1, '19.482735463250368', '-98.30188319174515'),
(164, 1, '19.484202904896822', '-98.29838727831977'),
(165, 1, '19.484226961211053', '-98.2975451967451'),
(166, 1, '19.48414276411302', '-98.29647345691656'),
(167, 1, '19.483192536686044', '-98.29264581467172'),
(168, 1, '19.48307225432731', '-98.29213546219312'),
(169, 1, '19.482915887138322', '-98.29068095814007'),
(170, 1, '19.482843717619563', '-98.29015784685744'),
(171, 1, '19.482939943642766', '-98.28838437261734'),
(172, 1, '19.483084282570367', '-98.28800160839285'),
(173, 1, '19.483132395517636', '-98.28741470324864'),
(174, 1, '19.483348903603503', '-98.28661089837722'),
(175, 1, '19.483709749770064', '-98.28493949459697'),
(176, 1, '19.48385408803412', '-98.2841994834621'),
(177, 1, '19.484515636661566', '-98.2807035702118'),
(178, 1, '19.485020817458047', '-98.2782921553133'),
(179, 1, '19.485044873645794', '-98.27696523933508'),
(180, 1, '19.485008789362826', '-98.27574039381673'),
(181, 1, '19.484816339717838', '-98.2742093369188'),
(182, 1, '19.484587805462105', '-98.2736862255118'),
(183, 1, '19.484443467874573', '-98.27321414963492'),
(184, 1, '19.484106679670045', '-98.27274207375804'),
(185, 1, '19.48363758064649', '-98.27207861576896'),
(186, 1, '19.483048197895943', '-98.271657575122'),
(187, 1, '19.482362586691387', '-98.27140239897236'),
(188, 1, '19.48212202059459', '-98.27127481082876'),
(189, 1, '19.478645801680088', '-98.26994789485053'),
(190, 1, '19.476961793289703', '-98.26919512509924'),
(191, 1, '19.47411096790485', '-98.26724302755437'),
(192, 1, '19.473653868800803', '-98.2668985395675'),
(193, 1, '19.46768740524261', '-98.26287951515341'),
(194, 1, '19.466761140203875', '-98.26254778615888'),
(195, 1, '19.46625590240622', '-98.26239468043438'),
(196, 1, '19.46480032782919', '-98.26229260997451'),
(197, 1, '19.463489096528033', '-98.26205019260317'),
(198, 1, '19.462562807500877', '-98.26176949883855'),
(199, 1, '19.46186507980422', '-98.26148880507391'),
(200, 1, '19.46117937897014', '-98.2612081113093'),
(201, 1, '19.46039743588374', '-98.26077431185487'),
(202, 1, '19.459807968551008', '-98.26058292963147'),
(203, 1, '19.45709469061125', '-98.26036734607345'),
(204, 1, '19.456192987113724', '-98.26015082193045'),
(205, 1, '19.455648559933397', '-98.25977190468024'),
(206, 1, '19.45505309054145', '-98.25935690004727'),
(207, 1, '19.453340271733488', '-98.25825265760012'),
(208, 1, '19.450477000208874', '-98.25756368190362'),
(209, 1, '19.449502513948723', '-98.25701505318186'),
(210, 1, '19.44797460395617', '-98.2552798553642'),
(211, 1, '19.43702078716143', '-98.2427438433307'),
(212, 1, '19.434005780970658', '-98.23931061583957'),
(213, 1, '19.432933315626002', '-98.23729359477024'),
(214, 1, '19.431415663783742', '-98.23321663685951'),
(215, 1, '19.42981705525826', '-98.22881781402364'),
(216, 1, '19.42783394942811', '-98.22371088833744'),
(217, 1, '19.426882859445872', '-98.22139345969599'),
(218, 1, '19.426680499111853', '-98.22089993309231'),
(219, 1, '19.421904723183186', '-98.21195208396595'),
(220, 1, '19.421115492436204', '-98.21085774248567'),
(221, 1, '19.41961796721576', '-98.2092484171644'),
(222, 1, '19.417553788212803', '-98.20716702308219'),
(223, 1, '19.416096704863264', '-98.20566498607243'),
(224, 1, '19.414882458703076', '-98.20375525313698'),
(225, 1, '19.413344400609173', '-98.20156657036462'),
(226, 1, '19.40947895361548', '-98.19564425301051'),
(227, 1, '19.40889204517882', '-98.1950434379983'),
(228, 1, '19.398914278960543', '-98.18386399109764'),
(229, 1, '19.393693922551996', '-98.1781071049286'),
(230, 1, '19.393406384433792', '-98.1780315721025'),
(231, 1, '19.392916666867084', '-98.17760319342352'),
(232, 1, '19.3924511406095', '-98.17713648908034'),
(233, 1, '19.392203196733234', '-98.17694337004178'),
(234, 1, '19.391914771748898', '-98.17675561542097'),
(235, 1, '19.391595985645296', '-98.17662150497753'),
(236, 1, '19.391494783577095', '-98.17663759823074'),
(237, 1, '19.39118105676579', '-98.17661077614206'),
(238, 1, '19.390882509697086', '-98.17663759822985'),
(239, 1, '19.390614322903307', '-98.17666442031853'),
(240, 1, '19.3898401207876', '-98.17693800563777'),
(241, 1, '19.389349284859904', '-98.17709357376913'),
(242, 1, '19.38901531318678', '-98.17733497256732'),
(243, 1, '19.388013394056763', '-98.1777051173912'),
(244, 1, '19.387800864941354', '-98.17781777019292'),
(245, 1, '19.386667371749926', '-98.17812354201271'),
(246, 1, '19.386571226875958', '-98.17780167694846'),
(247, 1, '19.387264480748662', '-98.1776514732518'),
(248, 1, '19.38789700907912', '-98.17743153212457'),
(249, 1, '19.388888808571597', '-98.17707211608322'),
(250, 1, '19.38955169158642', '-98.17682535286728'),
(251, 1, '19.389645887727095', '-98.17652056681588'),
(252, 1, '19.389502764638262', '-98.1762398688168'),
(253, 1, '19.38972695042696', '-98.17620369447324'),
(254, 1, '19.39072263384406', '-98.1761901617143'),
(255, 1, '19.39095663229962', '-98.17644657653543'),
(256, 1, '19.392466560867355', '-98.17653761372324'),
(257, 1, '19.3930962899932', '-98.17652244081638'),
(258, 1, '19.39361152108308', '-98.17637829860233'),
(259, 1, '19.39401941123817', '-98.17617346488468'),
(260, 1, '19.394534639405766', '-98.17571069251322'),
(261, 1, '19.395121425054466', '-98.17521757441251'),
(262, 1, '19.39550784371654', '-98.17501274073989'),
(263, 1, '19.39577976741018', '-98.17495204928136'),
(264, 1, '19.396552600720174', '-98.17467135124211'),
(265, 1, '19.397160846554062', '-98.1744589311372'),
(266, 1, '19.39813403519836', '-98.17399615865997'),
(267, 1, '19.399307578422185', '-98.17341200337145'),
(268, 1, '19.40033799967724', '-98.17294923097482'),
(269, 1, '19.40179059630654', '-98.17229679779585'),
(270, 1, '19.403207402174445', '-98.17193264904455'),
(271, 1, '19.404151932618', '-98.17161401885414'),
(272, 1, '19.40581200304259', '-98.1707870977314'),
(273, 1, '19.406999801708544', '-98.17020294233879'),
(274, 1, '19.408430872876224', '-98.16940636688666'),
(275, 1, '19.409325285959998', '-98.16852634071458'),
(276, 1, '19.410069433884598', '-98.16761596883633'),
(277, 1, '19.41089944104516', '-98.16666007829888'),
(278, 1, '19.41218737476744', '-98.16508968673205'),
(279, 1, '19.413224869537967', '-98.16364826449188'),
(280, 1, '19.414011930107932', '-98.16219925583016'),
(281, 1, '19.414505629784166', '-98.16116750103481'),
(282, 1, '19.415256909044647', '-98.15974125162086'),
(283, 1, '19.41562896985859', '-98.15855776817914'),
(284, 1, '19.415814999958837', '-98.15729842030393'),
(285, 1, '19.41594378990979', '-98.15637287546228'),
(286, 1, '19.41606542475561', '-98.15580389303837'),
(287, 1, '19.417188754037358', '-98.15364175975483'),
(288, 1, '19.417596585052703', '-98.15249620837507'),
(289, 1, '19.417732528492113', '-98.15176791087248'),
(290, 1, '19.417353317557982', '-98.15091823035452'),
(291, 1, '19.415352701540893', '-98.14667000520784'),
(292, 1, '19.41455837961668', '-98.1447924589076'),
(293, 1, '19.412726870959943', '-98.14568831669287'),
(294, 1, '19.411654265151828', '-98.14331724398745'),
(295, 5, '19.40386688333453', '-98.1465067115142'),
(296, 5, '19.40861599302466', '-98.14414134435873'),
(297, 5, '19.408153045231472', '-98.14318157629803'),
(298, 5, '19.410897976835944', '-98.14180330266349'),
(299, 5, '19.41045156917974', '-98.14084572585405'),
(300, 5, '19.41778211141807', '-98.13712571483941'),
(301, 5, '19.417351497675828', '-98.13618823091292'),
(302, 5, '19.418577921369526', '-98.13556584564908'),
(303, 5, '19.417764516060124', '-98.13239330042258'),
(304, 5, '19.41715244428219', '-98.13002953181098'),
(305, 5, '19.41642762751177', '-98.12700715318815'),
(306, 5, '19.416426739416757', '-98.12681114794059'),
(307, 5, '19.41642089410714', '-98.12661746686067'),
(308, 5, '19.416500536433347', '-98.12638350012995'),
(309, 5, '19.41659479198082', '-98.1262068629899'),
(310, 5, '19.416816182700646', '-98.12591169302857'),
(311, 5, '19.418289264586836', '-98.12413139203976'),
(312, 5, '19.41847173359523', '-98.12398858936065'),
(313, 5, '19.418593379485944', '-98.12382920313796'),
(314, 5, '19.418804521778117', '-98.1234072442337'),
(315, 5, '19.419492541381604', '-98.12173634461313'),
(316, 5, '19.42084025136149', '-98.11877147678345'),
(317, 5, '19.420986224312188', '-98.11862406762248'),
(318, 5, '19.422661428068363', '-98.11745216429709'),
(319, 5, '19.423773586980914', '-98.11654928277737'),
(320, 5, '19.4249031156054', '-98.11836241623767'),
(321, 5, '19.425963127634965', '-98.11719051289448'),
(322, 5, '19.427588763072706', '-98.11561839207586'),
(323, 5, '19.427868915687398', '-98.1153082957527'),
(324, 5, '19.42859386974967', '-98.11477930788662'),
(325, 5, '19.428756062426533', '-98.11464380360975'),
(326, 5, '19.429751332080144', '-98.11370309120714'),
(327, 5, '19.432504575693887', '-98.11123240105101'),
(328, 5, '19.43358091628864', '-98.11020569553448'),
(329, 5, '19.434759111723217', '-98.10896484165202'),
(330, 5, '19.43888813234314', '-98.10604460553554'),
(331, 5, '19.439993229914165', '-98.10538126406875'),
(332, 5, '19.440153086166767', '-98.10527807760934'),
(333, 5, '19.441181722644835', '-98.10412828564202'),
(334, 6, '19.40386688333453', '-98.1465067115142'),
(335, 6, '19.40861599302466', '-98.14414134435873'),
(336, 6, '19.408153045231472', '-98.14318157629803'),
(337, 6, '19.410897976835944', '-98.14180330266349'),
(338, 6, '19.41045156917974', '-98.14084572585405'),
(339, 6, '19.41778211141807', '-98.13712571483941'),
(340, 6, '19.417351497675828', '-98.13618823091292'),
(341, 6, '19.418577921369526', '-98.13556584564908'),
(342, 6, '19.418381214066343', '-98.1345959941517'),
(343, 6, '19.419247118896042', '-98.13415117014182'),
(344, 6, '19.41904872583511', '-98.1328429931523'),
(345, 6, '19.41977593199537', '-98.1320446287196'),
(346, 6, '19.421273949235523', '-98.13057822431257'),
(347, 6, '19.42129115227088', '-98.13049613998676'),
(348, 6, '19.420975353402373', '-98.12999451357312'),
(349, 6, '19.421004233832676', '-98.12845494367562'),
(350, 6, '19.42125849743719', '-98.12746019765933'),
(351, 6, '19.421316948784018', '-98.12624542992596'),
(352, 6, '19.42133740675569', '-98.12619584758225'),
(353, 6, '19.42169688203112', '-98.12583637549788'),
(354, 6, '19.421948221995244', '-98.12582707880604'),
(355, 6, '19.421843009968633', '-98.12460921224188'),
(356, 6, '19.421764100900912', '-98.12438299274051'),
(357, 6, '19.422041743746842', '-98.12243068751322'),
(358, 7, '19.40386688333453', '-98.1465067115142'),
(359, 7, '19.40861599302466', '-98.14414134435873'),
(360, 7, '19.408153045231472', '-98.14318157629803'),
(361, 7, '19.410897976835944', '-98.14180330266349'),
(362, 7, '19.41045156917974', '-98.14084572585405'),
(363, 7, '19.41778211141807', '-98.13712571483941'),
(364, 7, '19.417351497675828', '-98.13618823091292'),
(365, 7, '19.418577921369526', '-98.13556584564908'),
(366, 7, '19.417764516060124', '-98.13239330042258'),
(367, 7, '19.41715244428219', '-98.13002953181098'),
(368, 7, '19.41642762751177', '-98.12700715318815'),
(369, 7, '19.416426739416757', '-98.12681114794059'),
(370, 7, '19.41642089410714', '-98.12661746686067'),
(371, 7, '19.416500536433347', '-98.12638350012995'),
(372, 7, '19.41659479198082', '-98.1262068629899'),
(373, 7, '19.416816182700646', '-98.12591169302857'),
(374, 7, '19.418289264586836', '-98.12413139203976'),
(375, 7, '19.41847173359523', '-98.12398858936065'),
(376, 7, '19.418593379485944', '-98.12382920313796'),
(377, 7, '19.418804521778117', '-98.1234072442337'),
(378, 7, '19.419492541381604', '-98.12173634461313'),
(379, 7, '19.42084025136149', '-98.11877147678345'),
(380, 7, '19.420986224312188', '-98.11862406762248'),
(381, 7, '19.422661428068363', '-98.11745216429709'),
(382, 7, '19.423762401071077', '-98.11657286355413'),
(383, 7, '19.422185150432707', '-98.11686555687177'),
(384, 7, '19.422421876907567', '-98.11649988699284'),
(385, 7, '19.423450610187842', '-98.11597307449723'),
(386, 7, '19.423222652808217', '-98.11530371269156'),
(387, 7, '19.423453532723702', '-98.1149876251978'),
(388, 7, '19.423830538448435', '-98.1146188564216'),
(389, 7, '19.424000044613262', '-98.11431826338553'),
(390, 7, '19.423988354547237', '-98.11431516450354'),
(391, 7, '19.424268916110744', '-98.1133823964378'),
(392, 7, '19.424426731777004', '-98.1129733420112'),
(393, 7, '19.424925817371815', '-98.11190422251738'),
(394, 7, '19.4253817270374', '-98.11090327873683'),
(395, 7, '19.425709046002773', '-98.11010686213613'),
(396, 7, '19.425834712930342', '-98.10994262058036'),
(397, 7, '19.425916542505362', '-98.10974739005178'),
(398, 7, '19.425910697537077', '-98.1097133021817'),
(399, 7, '19.42617664338911', '-98.10825991939222'),
(400, 7, '19.42213079866466', '-98.10711613207916'),
(401, 7, '19.422089467512993', '-98.10890419306509'),
(402, 7, '19.422510374099744', '-98.11466398537884'),
(403, 7, '19.42294044617295', '-98.11535974772895'),
(404, 7, '19.423087899190385', '-98.11535974772895'),
(405, 7, '19.42322552188591', '-98.11531544825154');

-- --------------------------------------------------------

--
-- Table structure for table `stop`
--

DROP TABLE IF EXISTS `stop`;
CREATE TABLE IF NOT EXISTS `stop` (
  `id` int NOT NULL AUTO_INCREMENT,
  `id_municipalities` int NOT NULL,
  `longitude` varchar(30) NOT NULL,
  `latitude` varchar(30) NOT NULL,
  `name` varchar(60) DEFAULT NULL,
  `imagen` varchar(30) DEFAULT NULL,
  PRIMARY KEY (`id`),
  UNIQUE KEY `id_UNIQUE` (`id`),
  KEY `id_municipalities_fk` (`id_municipalities`)
) ENGINE=InnoDB AUTO_INCREMENT=39 DEFAULT CHARSET=utf8mb3;

--
-- Dumping data for table `stop`
--

INSERT INTO `stop` (`id`, `id_municipalities`, `longitude`, `latitude`, `name`, `imagen`) VALUES
(1, 6, '19.58569482681491', '-98.56612045355924', 'la glorieta', ''),
(2, 6, '19.590059651663207', '-98.55623741235102', 'goodyear', ''),
(3, 6, '19.583318743426126', '-98.53676197804252', 'hospital general de calpulalpan', ''),
(4, 6, '19.568616484193765', '-98.50614127372214', 'san jose', ''),
(5, 21, '19.528028911216445', '-98.48128959045366', 'madero', ''),
(6, 21, '19.51968004294305', '-98.47552846325945', 'domingo arenas', ''),
(7, 20, '19.513669476016034', '-98.46259716370032', 'sanctorum', ''),
(8, 14, '19.503473153068928', '-98.39517413411234', 'colonia adolfo lopez mateos', ''),
(9, 14, '19.485281047210094', '-98.37345646754277', 'recoba', ''),
(10, 14, '19.46926490683652', '-98.34702903608117', 'hueyotlipan', ''),
(11, 14, '19.476366065304553', '-98.3090865702999', 'santiago tlalpan', ''),
(12, 14, '19.482067187260565', '-98.2928777487693', 'san simeon ximetzingo', ''),
(13, 40, '19.421638510089895', '-98.21192822766295', 'xaltocan', ''),
(14, 43, '19.38750835207665', '-98.17792334147524', 'paradero la y', ''),
(15, 5, '19.415226799693915', '-98.15951384562182', 'aurrera', ''),
(16, 5, '19.416062911899722', '-98.14815193021263', 'michelin', ''),
(17, 5, '19.414565694806264', '-98.14472942428723', 'higienicos aneks', ''),
(18, 5, '19.412077269534358', '-98.1431454812659', 'atha', ''),
(19, 21, '19.49064476415143', '-98.53913766378534', 'Central Nanacamilpa', ''),
(20, 21, '19.492583284765676', '-98.53762268141651', 'Cuatro vientos', ''),
(21, 21, '19.49289063950399', '-98.53517868756262', 'Centro', ''),
(22, 21, '19.496337146306054', '-98.53299314688188', 'Seguro', ''),
(23, 21, '19.51873157043986', '-98.49302195945909', 'Entrada a Madero', ''),
(24, 21, '19.52132754605535', '-98.48966367538394', 'Igleasia de Madero', ''),
(25, 5, '19.403840749979267', '-98.1464586277612', 'Base Tetla', ''),
(26, 5, '19.40549891229519', '-98.14570045986203', 'Parada Tetla, Coporo y Flores', ''),
(27, 5, '19.408558198337392', '-98.14415023410163', 'Parada Tetla, Coporo y Flores', ''),
(28, 5, '19.409902564878873', '-98.14226970398333', 'Av. Hidalgo x C. Hidalgo', ''),
(29, 5, '19.410505828183336', '-98.14103273958276', 'Tetla Facultad', ''),
(30, 5, '19.411347460225738', '-98.1403850479402', 'OXXO', ''),
(31, 5, '19.41312615065407', '-98.13948520478034', 'BRIDGESTONE', ''),
(32, 5, '19.414921631387042', '-98.1385478498916', 'Paleteria', ''),
(33, 5, '19.417697291686828', '-98.13714241698597', 'Av. Juarez x Blvr. E. Sanchez Piedraz', ''),
(34, 5, '19.418058528423302', '-98.13579369047034', 'Veterinaria', ''),
(35, 5, '19.41774968901798', '-98.13244058903936', 'puente', ''),
(36, 5, '19.41710386411865', '-98.12558704799189', 'Uatx', ''),
(37, 5, '19.418857984643914', '-98.12317768071176', 'Coca-cola', ''),
(38, 5, '19.423586279324397', '-98.11663165318684', 'Centro de las artes Tlaxcala', '');

-- --------------------------------------------------------

--
-- Table structure for table `stop_routes`
--

DROP TABLE IF EXISTS `stop_routes`;
CREATE TABLE IF NOT EXISTS `stop_routes` (
  `stop_id_from` int NOT NULL,
  `stop_id_to` int NOT NULL,
  `distance` int NOT NULL,
  `time` int NOT NULL,
  `price` float NOT NULL,
  KEY `stop_routes_stop_from_fx` (`stop_id_from`),
  KEY `stop_routes_stop_to_fx` (`stop_id_to`)
) ENGINE=InnoDB DEFAULT CHARSET=utf8mb3;

--
-- Dumping data for table `stop_routes`
--

INSERT INTO `stop_routes` (`stop_id_from`, `stop_id_to`, `distance`, `time`, `price`) VALUES
(1, 2, 10, 10, 10),
(1, 3, 15, 15, 15),
(1, 4, 20, 20, 20),
(1, 5, 25, 25, 25),
(1, 6, 30, 30, 30),
(1, 7, 35, 35, 35),
(1, 8, 40, 40, 40),
(1, 9, 45, 45, 45),
(1, 10, 50, 50, 50),
(1, 11, 55, 55, 55),
(1, 12, 60, 60, 60),
(1, 13, 65, 65, 65),
(1, 14, 70, 70, 70),
(1, 15, 75, 75, 75),
(1, 16, 80, 80, 80),
(1, 17, 85, 85, 85),
(1, 18, 90, 90, 90),
(2, 3, 10, 10, 10),
(2, 4, 15, 15, 15),
(2, 5, 20, 20, 20),
(2, 6, 25, 25, 25),
(2, 7, 30, 30, 30),
(2, 8, 35, 35, 35),
(2, 9, 40, 40, 40),
(2, 10, 45, 45, 45),
(2, 11, 50, 50, 50),
(2, 12, 55, 55, 55),
(2, 13, 60, 60, 60),
(2, 14, 65, 65, 65),
(2, 15, 70, 70, 70),
(2, 16, 75, 75, 75),
(2, 17, 80, 80, 80),
(2, 18, 85, 85, 85),
(3, 4, 10, 10, 10),
(3, 5, 15, 15, 15),
(3, 6, 20, 20, 20),
(3, 7, 25, 25, 25),
(3, 8, 30, 30, 30),
(3, 9, 35, 35, 35),
(3, 10, 40, 40, 40),
(3, 11, 45, 45, 45),
(3, 12, 50, 50, 50),
(3, 13, 55, 55, 55),
(3, 14, 60, 60, 60),
(3, 15, 65, 65, 65),
(3, 16, 70, 70, 70),
(3, 17, 75, 75, 75),
(3, 18, 80, 80, 80),
(4, 5, 10, 10, 10),
(4, 6, 15, 15, 15),
(4, 7, 20, 20, 20),
(4, 8, 25, 25, 25),
(4, 9, 30, 30, 30),
(4, 10, 35, 35, 35),
(4, 11, 40, 40, 40),
(4, 12, 45, 45, 45),
(4, 13, 50, 50, 50),
(4, 14, 55, 55, 55),
(4, 15, 60, 60, 60),
(4, 16, 65, 65, 65),
(4, 17, 70, 70, 70),
(4, 18, 75, 75, 75),
(5, 6, 10, 10, 10),
(5, 7, 15, 15, 15),
(5, 8, 20, 20, 20),
(5, 9, 25, 25, 25),
(5, 10, 30, 30, 30),
(5, 11, 35, 35, 35),
(5, 12, 40, 40, 40),
(5, 13, 45, 45, 45),
(5, 14, 50, 50, 50),
(5, 15, 55, 55, 55),
(5, 16, 60, 60, 60),
(5, 17, 65, 65, 65),
(5, 18, 70, 70, 70),
(6, 7, 10, 10, 10),
(6, 8, 15, 15, 15),
(6, 9, 20, 20, 20),
(6, 10, 25, 25, 25),
(6, 11, 30, 30, 30),
(6, 12, 35, 35, 35),
(6, 13, 40, 40, 40),
(6, 14, 45, 45, 45),
(6, 15, 50, 50, 50),
(6, 16, 55, 55, 55),
(6, 17, 60, 60, 60),
(6, 18, 65, 65, 65),
(7, 8, 10, 10, 10),
(7, 9, 15, 15, 15),
(7, 10, 20, 20, 20),
(7, 11, 25, 25, 25),
(7, 12, 30, 30, 30),
(7, 13, 35, 35, 35),
(7, 14, 40, 40, 40),
(7, 15, 45, 45, 45),
(7, 16, 50, 50, 50),
(7, 17, 55, 55, 55),
(7, 18, 60, 60, 60),
(8, 9, 10, 10, 10),
(8, 10, 15, 15, 15),
(8, 11, 20, 20, 20),
(8, 12, 25, 25, 25),
(8, 13, 30, 30, 30),
(8, 14, 35, 35, 35),
(8, 15, 40, 40, 40),
(8, 16, 45, 45, 45),
(8, 17, 50, 50, 50),
(8, 18, 55, 55, 55),
(9, 10, 10, 10, 10),
(9, 11, 15, 15, 15),
(9, 12, 20, 20, 20),
(9, 13, 25, 25, 25),
(9, 14, 30, 30, 30),
(9, 15, 35, 35, 35),
(9, 16, 40, 40, 40),
(9, 17, 45, 45, 45),
(9, 18, 50, 50, 50),
(10, 11, 10, 10, 10),
(10, 12, 15, 15, 15),
(10, 13, 20, 20, 20),
(10, 14, 25, 25, 25),
(10, 15, 30, 30, 30),
(10, 16, 35, 35, 35),
(10, 17, 40, 40, 40),
(10, 18, 45, 45, 45),
(11, 12, 10, 10, 10),
(11, 13, 15, 15, 15),
(11, 14, 20, 20, 20),
(11, 15, 25, 25, 25),
(11, 16, 30, 30, 30),
(11, 17, 35, 35, 35),
(11, 18, 40, 40, 40),
(12, 13, 10, 10, 10),
(12, 14, 15, 15, 15),
(12, 15, 20, 20, 20),
(12, 16, 25, 25, 25),
(12, 17, 30, 30, 30),
(12, 18, 35, 35, 35),
(13, 14, 10, 10, 10),
(13, 15, 15, 15, 15),
(13, 16, 20, 20, 20),
(13, 17, 25, 25, 25),
(13, 18, 30, 30, 30),
(14, 15, 10, 10, 10),
(14, 16, 15, 15, 15),
(14, 17, 20, 20, 20),
(14, 18, 25, 25, 25),
(15, 16, 10, 10, 10),
(15, 17, 15, 15, 15),
(15, 18, 20, 20, 20),
(16, 17, 10, 10, 10),
(16, 18, 15, 15, 15),
(17, 18, 10, 10, 10);

-- --------------------------------------------------------

--
-- Table structure for table `transport`
--

DROP TABLE IF EXISTS `transport`;
CREATE TABLE IF NOT EXISTS `transport` (
  `id` int NOT NULL AUTO_INCREMENT,
  `id_type_of_transport` int NOT NULL,
  `id_line_of_transport` int NOT NULL,
  `frequency` varchar(15) NOT NULL,
  `name` varchar(30) NOT NULL,
  `imagen` varchar(30) NOT NULL,
  `origin` varchar(20) DEFAULT NULL,
  `destination` varchar(20) DEFAULT NULL,
  PRIMARY KEY (`id`),
  UNIQUE KEY `id_UNIQUE` (`id`),
  KEY `id_type_of_transport_idx` (`id_type_of_transport`),
  KEY `line_of_transport_fk` (`id_line_of_transport`)
) ENGINE=InnoDB AUTO_INCREMENT=8 DEFAULT CHARSET=utf8mb3;

--
-- Dumping data for table `transport`
--

INSERT INTO `transport` (`id`, `id_type_of_transport`, `id_line_of_transport`, `frequency`, `name`, `imagen`, `origin`, `destination`) VALUES
(1, 1, 1, '20', 'Calpulalpan - Apizaco', '', 'Calpulalpan', 'Apizaco'),
(2, 1, 1, '25', 'Apizaco - Tlaxcala', '', 'Apizaco', 'Tlaxcala'),
(3, 1, 1, '30', 'Nanacamilpa - Tlaxcala', '', 'Nanacamilpa', 'Tlaxcala'),
(4, 1, 1, '30', 'Nanacamilpa - Calpulalpan', '', 'Nanacamilpa', 'Calpulalpan'),
(5, 1, 7, '15', 'Apizaco - Tetla', '', 'Apizaco', 'Tetla'),
(6, 1, 7, '30', 'Apizaco - Coporo', '', 'Apizaco', 'Coporo'),
(7, 1, 7, '30', 'Apizaco - Flores', '', 'Apizaco', 'Flores');

-- --------------------------------------------------------

--
-- Table structure for table `transport_stop`
--

DROP TABLE IF EXISTS `transport_stop`;
CREATE TABLE IF NOT EXISTS `transport_stop` (
  `id_transport` int NOT NULL,
  `id_stop` int NOT NULL,
  KEY `id_transport_idx` (`id_transport`),
  KEY `id_stop_idx` (`id_stop`)
) ENGINE=InnoDB DEFAULT CHARSET=utf8mb3;

--
-- Dumping data for table `transport_stop`
--

INSERT INTO `transport_stop` (`id_transport`, `id_stop`) VALUES
(1, 1),
(1, 2),
(1, 3),
(1, 4),
(1, 5),
(1, 6),
(1, 7),
(1, 8),
(1, 9),
(1, 10),
(1, 11),
(1, 12),
(1, 13),
(1, 14),
(1, 15),
(1, 16),
(1, 17),
(1, 18),
(4, 1),
(4, 2),
(4, 3),
(4, 4),
(4, 5),
(4, 19),
(4, 20),
(4, 21),
(4, 22),
(4, 23),
(4, 24),
(5, 25),
(5, 26),
(5, 27),
(5, 28),
(5, 29),
(5, 30),
(5, 31),
(5, 32),
(5, 33),
(5, 34),
(5, 35),
(5, 36),
(5, 37),
(5, 38),
(6, 25),
(6, 26),
(6, 27),
(6, 28),
(6, 29),
(6, 30),
(6, 31),
(6, 32),
(6, 33),
(6, 34),
(6, 35),
(6, 36),
(6, 37),
(6, 38),
(7, 25),
(7, 26),
(7, 27),
(7, 28),
(7, 29),
(7, 30),
(7, 31),
(7, 32),
(7, 33),
(7, 34);

-- --------------------------------------------------------

--
-- Table structure for table `user`
--

DROP TABLE IF EXISTS `user`;
CREATE TABLE IF NOT EXISTS `user` (
  `id` int NOT NULL AUTO_INCREMENT,
  `name` varchar(30) NOT NULL,
  `email` varchar(30) NOT NULL,
  `imagen` varchar(30) NOT NULL,
  `password` varchar(30) NOT NULL,
  `reference` varchar(30) NOT NULL,
  `is_active` tinyint NOT NULL,
  PRIMARY KEY (`id`),
  UNIQUE KEY `id_UNIQUE` (`id`)
) ENGINE=InnoDB AUTO_INCREMENT=7 DEFAULT CHARSET=utf8mb3;

--
-- Dumping data for table `user`
--

INSERT INTO `user` (`id`, `name`, `email`, `imagen`, `password`, `reference`, `is_active`) VALUES
(1, 'Brian', '123@abc.com', '', '1234', '12345678', 1),
(2, 'Geraldin', 'geraldin@correo.com', '', '1234', '12345671', 1),
(3, 'Aaron', 'aaron@correo.com', '', '1234', '12345672', 1),
(4, 'Fernando', 'fernando@correo.com', '', '1234', '12345673', 1),
(5, 'Luis', 'luis@correo.com', '', '1234', '12345674', 1),
(6, 'Armando', 'armando@correo.com', '', '1234', '12345675', 1);

--
-- Constraints for dumped tables
--

--
-- Constraints for table `calification`
--
ALTER TABLE `calification`
  ADD CONSTRAINT `transport_calification_fx` FOREIGN KEY (`id_transport`) REFERENCES `transport` (`id`),
  ADD CONSTRAINT `user_calification_fx` FOREIGN KEY (`id_user`) REFERENCES `user` (`id`);

--
-- Constraints for table `cat_degree`
--
ALTER TABLE `cat_degree`
  ADD CONSTRAINT `id_faculty_fk` FOREIGN KEY (`id_faculty`) REFERENCES `cat_faculty` (`id`);

--
-- Constraints for table `commentary`
--
ALTER TABLE `commentary`
  ADD CONSTRAINT `transport_commentary_fx` FOREIGN KEY (`id_transport`) REFERENCES `transport` (`id`),
  ADD CONSTRAINT `user_commentary_fx` FOREIGN KEY (`id_user`) REFERENCES `user` (`id`);

--
-- Constraints for table `route_cordinates`
--
ALTER TABLE `route_cordinates`
  ADD CONSTRAINT `routes_cordinates_transport_fk` FOREIGN KEY (`id_route`) REFERENCES `transport` (`id`);

--
-- Constraints for table `stop`
--
ALTER TABLE `stop`
  ADD CONSTRAINT `id_municipalities_fk` FOREIGN KEY (`id_municipalities`) REFERENCES `cat_municipalities` (`id`);

--
-- Constraints for table `stop_routes`
--
ALTER TABLE `stop_routes`
  ADD CONSTRAINT `stop_routes_stop_from_fx` FOREIGN KEY (`stop_id_from`) REFERENCES `stop` (`id`),
  ADD CONSTRAINT `stop_routes_stop_to_fx` FOREIGN KEY (`stop_id_to`) REFERENCES `stop` (`id`);

--
-- Constraints for table `transport`
--
ALTER TABLE `transport`
  ADD CONSTRAINT `line_of_transport_fk` FOREIGN KEY (`id_line_of_transport`) REFERENCES `cat_line_of_transport` (`id`),
  ADD CONSTRAINT `type_of_transport_fk` FOREIGN KEY (`id_type_of_transport`) REFERENCES `cat_type_of_transport` (`id`);

--
-- Constraints for table `transport_stop`
--
ALTER TABLE `transport_stop`
  ADD CONSTRAINT `transport_stop_stop_fk` FOREIGN KEY (`id_stop`) REFERENCES `stop` (`id`),
  ADD CONSTRAINT `transport_stop_transport_fk` FOREIGN KEY (`id_transport`) REFERENCES `transport` (`id`);
COMMIT;

/*!40101 SET CHARACTER_SET_CLIENT=@OLD_CHARACTER_SET_CLIENT */;
/*!40101 SET CHARACTER_SET_RESULTS=@OLD_CHARACTER_SET_RESULTS */;
/*!40101 SET COLLATION_CONNECTION=@OLD_COLLATION_CONNECTION */;
